contributor,bodegha
AkihiroSuda,Bot
github-actions[bot],Bot
grafanabot,Bot
mrexox,Bot
phpstan-bot,Bot
sami-alajrami,Bot
MikeMcQuaid,Human
chenrui333,Human
chiefmikey,Human
ik11235,Human
mise-en-dev,Human
p-linnane,Human
pthariensflame,Human
scpeters,Human
woodruffw,Human
TanvirBhuiyan19,Unknown
xwjdsh,Unknown
spaam,Unknown
messense,Unknown
dev-errant,Unknown
ryenus,Unknown
coffeegoddd,Unknown
fsouza,Unknown
bashofmann,Unknown
aliscott,Unknown
henryiii,Unknown
blockstack-devops,Unknown
ArduinoBot,Unknown
zmwangx,Unknown
sayomaki,Unknown
issyl0,Unknown
makigumo,Unknown
efiop,Unknown
semgrep-ci[bot],Unknown
danielnachun,Unknown
mxcl,Unknown
uyjulian,Unknown
miles170,Unknown
huacnlee,Unknown
svc-devtoolsbot,Unknown
