contributor,rabbit
TanvirBhuiyan19,human
AkihiroSuda,human
xwjdsh,human
spaam,bot
messense,human
woodruffw,human
dev-errant,bot
ryenus,human
coffeegoddd,bot
scpeters,human
fsouza,human
p-linnane,human
bashofmann,human
aliscott,human
chenrui333,human
henryiii,human
blockstack-devops,bot
mrexox,human
grafanabot,bot
chiefmikey,human
ArduinoBot,bot
ik11235,bot
zmwangx,bot
sayomaki,human
issyl0,human
makigumo,bot
efiop,human
semgrep-ci[bot],app
danielnachun,human
mxcl,human
phpstan-bot,human
sami-alajrami,human
uyjulian,human
MikeMcQuaid,human
pthariensflame,human
mise-en-dev,bot
miles170,human
huacnlee,human
svc-devtoolsbot,bot
github-actions[bot],app
